<?xml version="1.0" encoding="UTF-8"?>
<!DOCTYPE beans PUBLIC "-//SPRING//DTD BEAN//EN" "http://www.springframework.org/dtd/spring-beans.dtd">

<!-- This is a Spring application context. There are imports to other Spring configurations and configured beans.  -->
<beans>

	<import resource="classpath:de/dailab/jiactng/agentcore/conf/Agent.xml" />
	<import resource="classpath:de/dailab/jiactng/agentcore/conf/AgentNode.xml" />

	<bean name="JIACvNode" parent="NodeWithDirectory">
		
		<property name="agents">
			<list>
				<ref bean="SimpleReactiveAgent" />
			</list>
		</property>
		
	</bean>

	<bean name="SimpleReactiveAgent" parent="SimpleAgent">
		<property name="agentBeans">
			<list>
				<bean name="TemperatureSensor" class="de.dailab.aot.sose2012.sensors.TemperatureSensor">
					<property name="executeInterval" value="1000" />
					<property name="logLevel" value="info" />
				</bean>
				<bean name="Window" class="de.dailab.aot.sose2012.sensors.Window">
					<property name="executeInterval" value="4000" />
					<property name="logLevel" value="info" />
				</bean>
				<bean name="Heating" class="de.dailab.aot.sose2012.effectors.Heating" />
				<bean name="SimpleReactiveBean" class="de.dailab.aot.sose2012.bean.SimpleReactiveBean">
					<property name="logLevel" value="DEBUG" />
					<property name="executeInterval" value="1000" />
				</bean>
			</list>
		</property>
	</bean>

</beans>
